<?xml version="1.0"?>
<!DOCTYPE hibernate-mapping PUBLIC "-//Hibernate/Hibernate Mapping DTD 3.0//EN"
"http://hibernate.sourceforge.net/hibernate-mapping-3.0.dtd">
<!-- Generated 2017-7-3 9:29:47 by Hibernate Tools 3.5.0.Final -->
<hibernate-mapping>
 <class name="model.Admin" table="admin">
  <id name="aid" type="int">
   <column name="aid"/>
   <generator class="identity"/>
  </id>
  <property  name="username" type="java.lang.String">
   <column name="username"/>
  </property>
  <property  name="password" type="java.lang.String">
   <column name="password"/>
  </property>
 </class>
</hibernate-mapping>
