<?xml version="1.0" encoding="UTF-8"?>
<!-- Spring Schema -->
<beans xmlns="http://www.springframework.org/schema/beans"
	xmlns:xsi="http://www.w3.org/2001/XMLSchema-instance" xmlns:aop="http://www.springframework.org/schema/aop"
	xmlns:p="http://www.springframework.org/schema/p" xmlns:tx="http://www.springframework.org/schema/tx"
	xmlns:mongo="http://www.springframework.org/schema/data/mongo"
	xsi:schemaLocation="http://www.springframework.org/schema/beans 
	http://www.springframework.org/schema/beans/spring-beans-3.0.xsd
	http://www.springframework.org/schema/tx 
	http://www.springframework.org/schema/tx/spring-tx-3.0.xsd
	http://www.springframework.org/schema/data/mongo 
	http://www.springframework.org/schema/data/mongo/spring-mongo-1.0.xsd
	http://www.springframework.org/schema/aop 
	http://www.springframework.org/schema/aop/spring-aop-3.0.xsd">

	<!-- Bean -->
	<bean id="SpringContextUtil" class="util.SpringContextUtil" scope="singleton"></bean>
	
	<bean id="dataSource" class="com.mchange.v2.c3p0.ComboPooledDataSource"
		destroy-method="close" p:driverClass="com.mysql.jdbc.Driver"
		p:jdbcUrl="jdbc:mysql://localhost:3306/photo_walking" p:user="root"
		p:password="970421" p:maxPoolSize="40" p:minPoolSize="1"
		p:initialPoolSize="1" p:maxIdleTime="20" />

	<bean id="sessionFactory"
		class="org.springframework.orm.hibernate3.LocalSessionFactoryBean"
		p:dataSource-ref="dataSource">
		<property name="mappingResources">
			<list>
				<value>model/User.hbm.xml</value>
			</list>
		</property>
		<!-- Hibernate SessionFactory -->
		<property name="hibernateProperties">
			<value>
				hibernate.dialect=org.hibernate.dialect.MySQLInnoDBDialect
				hibernate.hbm2ddl.auto=update
				hibernate.show_sql=true
				hibernate.format_sql=true
			</value>
		</property>
	</bean>

	<!-- DAO Bean -->
	<bean id="userDao" class="dao.impl.UserDaoImpl">
		<property name="sessionFactory" ref="sessionFactory" />
	</bean>

	<!-- Service -->
	<bean id="userService" class="service.impl.UserServiceImpl">
		<!-- DAO -->
		<property name="userDao" ref="userDao"></property>
	</bean>

	<!-- HibernateTransactionManager -->
	<bean id="transactionManager"
		class="org.springframework.orm.hibernate3.HibernateTransactionManager"
		p:sessionFactory-ref="sessionFactory" />

	<tx:advice id="txAdvice" transaction-manager="transactionManager">
		<tx:attributes>
			<tx:method name="get*" read-only="true" />
			<tx:method name="*" />
		</tx:attributes>
	</tx:advice>
	<aop:config>
		<!-- userService Bean -->
		<aop:pointcut id="beanPointcut" expression="bean(userService)" />
		<aop:advisor advice-ref="txAdvice" pointcut-ref="beanPointcut" />
	</aop:config>

	<mongo:mongo host="localhost" port="27017">
   		<mongo:options connections-per-host="8"
                   threads-allowed-to-block-for-connection-multiplier="4"
                   connect-timeout="1000"
                   max-wait-time="1500"
                   auto-connect-retry="true"
                   socket-keep-alive="true"
                   socket-timeout="1500"
                   slave-ok="true"
                   write-number="1"
                   write-timeout="0"
                   write-fsync="true"/>
	</mongo:mongo>

	<mongo:db-factory dbname="photoWalking" mongo-ref="mongo" />

	<bean id="mongoTemplate" class="org.springframework.data.mongodb.core.MongoTemplate">
		<constructor-arg name="mongoDbFactory" ref="mongoDbFactory" />
	</bean>
	
	<bean id="profileDao" class="dao.impl.ProfileDaoImpl">
		<property name="mongoTemplate" ref="mongoTemplate"></property>
	</bean>

</beans>