<?xml version="1.0"?>
<!DOCTYPE hibernate-mapping PUBLIC "-//Hibernate/Hibernate Mapping DTD 3.0//EN"
                                   "http://hibernate.sourceforge.net/hibernate-mapping-3.0.dtd">
<hibernate-mapping>
 <class name="model.User" table="user">
  <id name="id" type="int">
   <column name="id"/>
   <generator class="identity"/>
  </id>
  <property generated="never" lazy="false" name="username" type="java.lang.String">
   <column name="username"/>
  </property>
  <property generated="never" lazy="false" name="password" type="java.lang.String">
   <column name="password"/>
  </property>
  <property generated="never" lazy="false" name="email" type="java.lang.String">
   <column name="email"/>
  </property>
  <property generated="never" lazy="false" name="phone" type="java.lang.String">
   <column name="phone"/>
  </property>
 </class>
</hibernate-mapping>
