<?xml version="1.0"?>
<!DOCTYPE hibernate-mapping PUBLIC "-//Hibernate/Hibernate Mapping DTD 3.0//EN"
"http://hibernate.sourceforge.net/hibernate-mapping-3.0.dtd">
<!-- Generated 2017-7-3 9:29:47 by Hibernate Tools 3.5.0.Final -->
<hibernate-mapping>
    <class name="model.User" table="USER">
        <id name="uid" type="int">
            <column name="UID" />
            <generator class="assigned" />
        </id>
        <property name="username" type="java.lang.String">
            <column name="USERNAME" />
        </property>
        <property name="password" type="java.lang.String">
            <column name="PASSWORD" />
        </property>
        <property name="email" type="java.lang.String">
            <column name="EMAIL" />
        </property>
        <property name="phone" type="java.lang.String">
            <column name="PHONE" />
        </property>
    </class>
</hibernate-mapping>
