<?xml version="1.0" encoding="UTF-8"?>
<!-- Spring Schema -->
<beans xmlns="http://www.springframework.org/schema/beans"
	xmlns:xsi="http://www.w3.org/2001/XMLSchema-instance" xmlns:aop="http://www.springframework.org/schema/aop"
	xmlns:p="http://www.springframework.org/schema/p" xmlns:tx="http://www.springframework.org/schema/tx"
	xmlns:mongo="http://www.springframework.org/schema/data/mongo"
	xsi:schemaLocation="http://www.springframework.org/schema/beans 
	http://www.springframework.org/schema/beans/spring-beans-3.0.xsd
	http://www.springframework.org/schema/tx 
	http://www.springframework.org/schema/tx/spring-tx-3.0.xsd
	http://www.springframework.org/schema/data/mongo 
	http://www.springframework.org/schema/data/mongo/spring-mongo-1.0.xsd
	http://www.springframework.org/schema/aop 
	http://www.springframework.org/schema/aop/spring-aop-3.0.xsd">

	<!-- Bean -->
	<bean id="SpringContextUtil" class="util.SpringContextUtil" scope="singleton"></bean>
	
	<bean id="dataSource" class="com.mchange.v2.c3p0.ComboPooledDataSource"
		destroy-method="close" p:driverClass="com.mysql.jdbc.Driver"
		p:jdbcUrl="jdbc:mysql://localhost:3306/photo_walking" p:user="root"
		p:password="mypasswd" p:maxPoolSize="40" p:minPoolSize="1"
		p:initialPoolSize="1" p:maxIdleTime="20" />

	<bean id="sessionFactory"
		class="org.springframework.orm.hibernate3.LocalSessionFactoryBean"
		p:dataSource-ref="dataSource">
		<property name="mappingResources">
			<list>
				<value>model/User.hbm.xml</value>
				<value>model/Comment.hbm.xml</value>
				<value>model/Contacter.hbm.xml</value>
				<value>model/Admin.hbm.xml</value>
				<value>model/ShareItem.hbm.xml</value>
				<value>model/BestShare.hbm.xml</value>
				<value>model/SelectedShare.hbm.xml</value>
				<value>model/MonthShareCount.hbm.xml</value>
			</list>
		</property>
		<!-- Hibernate SessionFactory -->
		<property name="hibernateProperties">
			<value>
				hibernate.dialect=org.hibernate.dialect.MySQLInnoDBDialect
				hibernate.hbm2ddl.auto=update
				hibernate.show_sql=true
				hibernate.format_sql=true
			</value>
		</property>
	</bean>

	<!-- DAO Bean -->
	<bean id="userDao" class="dao.impl.UserDaoImpl">
		<property name="sessionFactory" ref="sessionFactory" />
	</bean>
	<bean id="adminDao" class="dao.impl.AdminDaoImpl">
		<property name="sessionFactory" ref="sessionFactory" />
	</bean>
	<bean id="commentDao" class="dao.impl.CommentDaoImpl">
		<property name="sessionFactory" ref="sessionFactory" />
	</bean>
	<bean id="contacterDao" class="dao.impl.ContacterDaoImpl">
		<property name="sessionFactory" ref="sessionFactory" />
	</bean>
	<bean id="shareItemDao" class="dao.impl.ShareItemDaoImpl">
		<property name="sessionFactory" ref="sessionFactory" />
	</bean>
	<bean id="statisticDao" class="dao.impl.StatisticDaoImpl">
		<property name="sessionFactory" ref="sessionFactory" />
		<property name="url" value="jdbc:mysql://localhost:3306/photo_walking" />
		<property name="username" value="root" />
		<property name="password" value="mypasswd" />
	</bean>
	
	
	<!-- Service -->
	<bean id="userService" class="service.impl.UserServiceImpl">
		<!-- DAO -->
		<property name="userDao" ref="userDao"></property>
	</bean>
	<bean id="adminService" class="service.impl.AdminServiceImpl">
		<!-- DAO -->
		<property name="adminDao" ref="adminDao"></property>
	</bean>
	<bean id="commentService" class="service.impl.CommentServiceImpl">
		<!-- DAO -->
		<property name="commentDao" ref="commentDao"></property>
	</bean>
	<bean id="contacterService" class="service.impl.ContacterServiceImpl">
		<!-- DAO -->
		<property name="contacterDao" ref="contacterDao"></property>
		<property name="userDao" ref="userDao"></property>
	</bean>
	<bean id="shareItemService" class="service.impl.ShareItemServiceImpl">
		<!-- DAO -->
		<property name="shareItemDao" ref="shareItemDao"></property>
		<property name="contacterDao" ref="contacterDao"></property>
	</bean>
	<bean id="routeService" class="service.impl.RouteServiceImpl">
		<!-- DAO -->
		<property name="shareRouteDao" ref="shareRouteDao"></property>
	</bean>
	<bean id="routepicService" class="service.impl.RoutepicServiceImpl">
		<!-- DAO -->
		<property name="routepicDao" ref="routepicDao"></property>
	</bean>
	<bean id="statisticService" class="service.impl.StatisticServiceImpl">
		<!-- DAO -->
		<property name="statisticDao" ref="statisticDao"></property>
	</bean>
	

	<!-- HibernateTransactionManager -->
	<bean id="transactionManager"
		class="org.springframework.orm.hibernate3.HibernateTransactionManager"
		p:sessionFactory-ref="sessionFactory" />

	<tx:advice id="txAdvice" transaction-manager="transactionManager">
		<tx:attributes>
			<tx:method name="get*" read-only="true" />
			<tx:method name="*" />
		</tx:attributes>
	</tx:advice>
	<aop:config>
		<!-- userService Bean -->
		<aop:pointcut id="beanPointcut" expression="bean(userService), bean(adminService), 
		bean(commentService), bean(contacterService), bean(shareItemService), bean(routeService), bean(routepicService), bean(statisticService)"/>
		<aop:advisor advice-ref="txAdvice" pointcut-ref="beanPointcut" />
	</aop:config>

	<mongo:mongo host="localhost" port="27017">
   		<mongo:options connections-per-host="8"
                   threads-allowed-to-block-for-connection-multiplier="4"
                   connect-timeout="1000"
                   max-wait-time="1500"
                   auto-connect-retry="true"
                   socket-keep-alive="true"
                   socket-timeout="1500"
                   slave-ok="true"
                   write-number="1"
                   write-timeout="0"
                   write-fsync="true"/>
	</mongo:mongo>

	<mongo:db-factory id="mongoDbFactory" dbname="photoWalking" mongo-ref="mongo" />

	<bean id="mongoTemplate" class="org.springframework.data.mongodb.core.MongoTemplate">
		<constructor-arg name="mongoDbFactory" ref="mongoDbFactory" />
	</bean>
	<bean id="gridFsTemplate" class="org.springframework.data.mongodb.gridfs.GridFsTemplate">
  	  	<constructor-arg ref="mongoDbFactory" />
 		<constructor-arg ref="mongoConverter" />	  	
	</bean>
	 	  
	<mongo:mapping-converter id="mongoConverter" base-package="org.baeldung.converter">
	    <mongo:custom-converters base-package="org.baeldung.converter"/>
	</mongo:mapping-converter>
	
	<bean id="profileDao" class="dao.impl.ProfileDaoImpl">
		<property name="mongoTemplate" ref="mongoTemplate"></property>
	</bean>
	<bean id="userpicDao" class="dao.impl.UserpicDaoImpl">
		<property name="mongoTemplate" ref="mongoTemplate"></property>
	</bean>
	<bean id="routepicDao" class="dao.impl.RoutepicDaoImpl">
		<property name="mongoTemplate" ref="mongoTemplate"></property>
	</bean>
	<bean id="shareRouteDao" class="dao.impl.ShareRouteDaoImpl">
		<property name="mongoTemplate" ref="mongoTemplate"></property>
	</bean>
	<bean id="sharepicDao" class="dao.impl.SharepicDaoImpl">
		<property name="mongoTemplate" ref="mongoTemplate"></property>
	</bean>
	<bean id="userpicService" class="service.impl.UserpicServiceImpl">
		<property name="userpicDao" ref="userpicDao"></property>
	</bean>
	<bean id="sharepicService" class="service.impl.SharepicServiceImpl">
		<!-- DAO -->
		<property name="sharepicDao" ref="sharepicDao"></property>
	</bean>
	

</beans>