<?xml version="1.0"?>
<!DOCTYPE hibernate-mapping PUBLIC "-//Hibernate/Hibernate Mapping DTD 3.0//EN"
                                   "http://hibernate.sourceforge.net/hibernate-mapping-3.0.dtd">
<!-- Generated 2017-7-3 9:29:47 by Hibernate Tools 3.5.0.Final -->
<hibernate-mapping>
 <class name="model.ShareItem" table="shareitem">
  <id name="sid" type="java.lang.String">
   <column name="sid"/>
   <generator class="assigned"/>
  </id>
  <property generated="never" lazy="false" name="uid" type="int">
   <column name="uid"/>
  </property>
  <property generated="never" lazy="false" name="username" type="java.lang.String">
   <column name="username"/>
  </property>
  <property generated="never" lazy="false" name="title" type="java.lang.String">
   <column name="title"/>
  </property>
  <property generated="never" lazy="false" name="picnum" type="int">
   <column name="picnum"/>
  </property>
  <property name="starttime" type="java.util.Date">
   <column name="starttime"/>
  </property>
  <property name="endtime" type="java.util.Date">
   <column name="endtime"/>
  </property>
  <property name="upvote" type="int">
   <column name="upvote"/>
  </property>
  <property name="browse" type="int">
   <column name="browse"/>
  </property>
  <property name="comment" type="int">
   <column name="comment"/>
  </property>
  <property name="poem" type="java.lang.String">
   <column name="poem"/>
  </property>
  <property name="type" type="int">
   <column name="type"/>
  </property>
 </class>
</hibernate-mapping>
